customer_code,customer_type,name,company_name,email,phone,mobile,designation,gstin,pan,business_type,tax_preference,credit_limit,payment_terms,opening_balance,opening_balance_type,billing_address,shipping_address,same_as_billing,notes,status
CUST001,b2b,John Doe,ABC Corporation,john@abccorp.com,9876543210,9876543210,Manager,27AABCCDEEFFGHH,ABCDE1234F,private_limited,taxable,50000,30,10000,debit,"{""address_line_1"":""123 Main St"",""address_line_2"":""Suite 100"",""city"":""Mumbai"",""state"":""Maharashtra"",""pincode"":""400001"",""country"":""India""}","{""address_line_1"":""123 Main St"",""address_line_2"":""Suite 100"",""city"":""Mumbai"",""state"":""Maharashtra"",""pincode"":""400001"",""country"":""India""}",true,"Regular customer",active
CUST002,b2c,Jane Smith,,jane@example.com,9876543211,9876543211,,27AABCCDEEFFGHI,ABCDE1234G,proprietorship,taxable,0,0,5000,debit,"{""address_line_1"":""456 Park Ave"",""address_line_2"":"""",""city"":""Delhi"",""state"":""Delhi"",""pincode"":""110001"",""country"":""India""}","{""address_line_1"":""456 Park Ave"",""address_line_2"":"""",""city"":""Delhi"",""state"":""Delhi"",""pincode"":""110001"",""country"":""India""}",true,"Individual customer",active